City_ID,City,Lat,Lng,Max Temp,Humidity,Cloudiness,Wind Speed,Country,Date
0,edinburgh of the seven seas,-37.0676,-12.3116,54.93,75,100,17.83,SH,1725840584
1,madingou,-4.1536,13.55,77.85,74,46,2.82,CG,1725840585
2,punta arenas,-53.15,-70.9167,33.91,93,40,19.57,CL,1725840495
3,avarua,-21.2078,-159.775,78.85,73,40,12.66,CK,1725840587
4,college,64.8569,-147.8028,54.07,82,100,4.61,US,1725840588
5,belmonte,-15.8631,-38.8828,71.51,80,10,6.73,BR,1725840589
6,kwangyang,34.9753,127.5892,83.61,72,15,3.42,KR,1725840590
7,puerto natales,-51.7236,-72.4875,36.72,73,61,16.02,CL,1725840591
8,mbanza kongo,-6.267,14.2401,72.93,73,93,5.21,AO,1725840593
9,ribeira grande,38.5167,-28.7,71.78,85,36,10.0,PT,1725840594
10,port-aux-francais,-49.35,70.2167,37.9,90,100,23.94,TF,1725840595
11,gilleleje,56.122,12.3106,69.85,81,100,1.99,DK,1725840596
12,iqaluit,63.7506,-68.5145,41.7,80,20,5.75,CA,1725840588
13,papatowai,-46.5619,169.4708,54.19,60,100,8.63,NZ,1725840598
14,yellowknife,62.456,-114.3525,68.41,65,100,5.01,CA,1725840590
15,kapa'a,22.0752,-159.319,85.48,64,40,10.36,US,1725840601
16,urangan,-25.3,152.9,67.51,82,12,10.02,AU,1725840602
17,burgstadt,50.9167,12.8167,67.05,87,100,10.16,DE,1725840604
18,pizarro,4.9533,-77.366,78.84,88,68,5.35,CO,1725840605
19,waitangi,-43.9535,-176.5597,51.01,82,99,23.17,NZ,1725840606
20,alta,69.9689,23.2717,63.66,80,0,23.0,NO,1725840607
21,taroa,8.7058,171.2275,83.79,75,24,11.36,MH,1725840608
22,nagqu,31.5,92.0,37.09,91,100,1.83,CN,1725840609
23,petropavlovsk-kamchatsky,53.0452,158.6483,55.99,44,75,15.66,RU,1725840610
24,arraial do cabo,-22.9661,-42.0278,71.26,90,0,23.09,BR,1725840611
25,hadibu,12.65,54.0333,77.22,83,10,16.75,YE,1725840612
26,olonkinbyen,70.9221,-8.7187,38.93,91,98,18.63,SJ,1725840613
27,jumla,29.2747,82.1838,54.73,90,8,2.24,NP,1725840615
28,longyearbyen,78.2186,15.6401,33.64,80,20,8.05,SJ,1725840616
29,invercargill,-46.4,168.35,56.01,69,100,10.0,NZ,1725840617
30,grytviken,-54.2811,-36.5092,33.15,90,23,4.85,GS,1725840618
31,aasiaat,68.7098,-52.8699,32.47,82,26,4.81,GL,1725840619
32,tiksi,71.6872,128.8694,45.73,76,100,12.24,RU,1725840620
33,beyneu,45.3167,55.2,65.73,38,0,9.91,KZ,1725840621
34,tuymazy,54.6067,53.7097,59.79,86,68,2.64,RU,1725840622
35,n'dalatando,-9.2978,14.9116,65.43,78,33,3.44,AO,1725840623
36,san luis de la loma,17.2706,-100.8939,81.0,86,100,5.28,MX,1725840625
37,kirkland lake,48.1446,-80.0377,41.68,93,91,6.04,CA,1725840626
38,chernyshkovskiy,48.4219,42.2308,61.09,38,81,7.23,RU,1725840627
39,adamstown,-25.066,-130.1015,66.63,82,34,25.95,PN,1725840350
40,chonchi,-42.6128,-73.8092,42.19,93,64,3.38,CL,1725840629
41,bilibino,68.0546,166.4372,39.74,81,100,4.0,RU,1725840589
42,naze,28.3667,129.4833,79.72,86,96,20.0,JP,1725840374
43,st. john's,47.5649,-52.7093,66.15,96,75,11.5,CA,1725840479
44,dudinka,69.4058,86.1778,31.77,91,100,21.94,RU,1725840634
45,port elizabeth,-33.918,25.5701,52.32,75,69,3.0,ZA,1725840635
46,puerto rico,-26.796,-55.024,80.22,39,34,1.41,AR,1725840636
47,nar'yan-mar,67.6713,53.087,43.74,76,69,9.19,RU,1725840637
48,meadow lake,34.8014,-106.5436,83.68,25,4,12.48,US,1725840638
49,uturoa,-16.7333,-151.4333,76.96,76,27,17.38,PF,1725840639
50,hawaiian paradise park,19.5933,-154.9731,84.72,66,0,8.05,US,1725840640
51,hermanus,-34.4187,19.2345,49.95,76,40,11.03,ZA,1725840525
52,fada n'gourma,12.0622,0.3578,74.62,90,49,5.39,BF,1725840642
53,cannonvale,-20.2833,148.7,72.79,66,32,9.46,AU,1725840643
54,dharmanagar,24.3667,92.1667,76.73,98,87,1.79,IN,1725840409
55,palmerston north,-40.35,175.6167,57.74,75,43,1.99,NZ,1725840646
56,iskateley,67.6803,53.1512,43.59,75,68,9.22,RU,1725840647
57,vila do maio,15.1333,-23.2167,79.65,77,93,11.03,CV,1725840648
58,anadyr,64.75,177.4833,52.3,76,40,6.71,RU,1725840649
59,lihue,21.9789,-159.3672,84.74,63,40,10.36,US,1725840650
60,zeya,53.75,127.2667,56.34,56,100,11.86,RU,1725840651
61,touros,-5.1989,-35.4608,75.02,83,46,14.94,BR,1725840505
62,priyutovo,53.9,53.9333,58.69,85,68,1.72,RU,1725840653
63,hamilton,39.1834,-84.5333,65.41,47,0,4.61,US,1725840494
64,bethel,41.3712,-73.414,58.53,75,0,4.61,US,1725840656
65,port mathurin,-19.6833,63.4167,71.78,79,5,18.41,MU,1725840657
66,atafu village,-8.5421,-172.5159,82.63,76,10,15.3,TK,1725840658
67,caleta de carquin,-11.0925,-77.6267,63.45,84,42,9.33,PE,1725840659
68,karratha,-20.7377,116.8463,79.45,23,27,16.13,AU,1725840660
69,rosetta,31.4044,30.4164,79.5,70,75,11.05,EG,1725840661
70,badger,64.8,-147.5333,53.98,89,100,4.61,US,1725840481
71,stanley,54.868,-1.6985,54.28,96,100,10.36,GB,1725840664
72,ushuaia,-54.8,-68.3,31.68,90,99,6.98,AR,1725840666
73,yuzhno-kurilsk,44.0306,145.8556,64.76,72,4,14.38,RU,1725840667
74,bubaque,11.2833,-15.8333,79.66,83,100,6.64,GW,1725840668
75,beira,-19.8436,34.8389,71.69,75,1,5.95,MZ,1725840669
76,novoural'sk,57.2439,60.0839,53.44,94,3,2.28,RU,1725840615
77,utrik,11.2278,169.8474,83.16,78,4,16.26,MH,1725840671
78,ar ruways,24.1103,52.7306,88.23,74,0,7.92,AE,1725840672
79,west island,-12.1568,96.8225,78.78,78,20,18.41,CC,1725840615
80,georgetown,5.4112,100.3354,78.73,73,20,3.44,MY,1725840613
81,orange walk,17.8333,-88.8333,82.02,87,80,5.75,BZ,1725840587
82,huarmey,-10.0681,-78.1522,63.81,83,21,8.93,PE,1725840677
83,las palmas de gran canaria,28.0997,-15.4134,73.53,69,20,19.57,ES,1725840651
84,antofagasta,-23.65,-70.4,58.28,88,34,6.87,CL,1725840631
85,albany,42.6001,-73.9662,55.92,67,2,6.4,US,1725840675
86,carauari,-4.8828,-66.8958,88.0,32,73,1.32,BR,1725840682
87,buka,40.8108,69.1986,57.09,32,100,4.79,UZ,1725840683
88,ballina,-28.8667,153.5667,71.19,78,59,12.17,AU,1725840684
89,lagunas,-5.2269,-75.6753,82.11,56,42,2.57,PE,1725840685
90,ust-nera,64.5667,143.2,48.16,75,97,3.33,RU,1725840686
91,moussoro,13.6408,16.4901,83.41,66,17,6.87,TD,1725840688
92,nadym,65.5333,72.5167,37.58,72,100,15.1,RU,1725840689
93,ilulissat,69.2167,-51.1,32.02,80,100,5.75,GL,1725840552
94,kerikeri,-35.2268,173.9474,61.93,42,5,6.22,NZ,1725840691
95,vilyuchinsk,52.9306,158.4028,57.47,58,65,10.0,RU,1725840692
96,sitka,57.0531,-135.33,60.69,67,20,16.11,US,1725840693
97,nazyvayevsk,55.5698,71.3529,52.2,96,76,6.2,RU,1725840694
98,alofi,-19.0595,-169.9187,78.69,78,75,10.36,NU,1725840695
99,saguenay,48.4168,-71.0657,44.8,81,99,7.72,CA,1725840478
100,cacheu,12.2706,-16.1658,76.53,92,100,2.98,GW,1725840697
101,kumertau,52.7667,55.7833,54.28,89,16,3.91,RU,1725840698
102,ostersund,63.1792,14.6357,64.62,84,40,9.22,SE,1725840427
103,opuwo,-18.0607,13.84,63.34,32,2,4.36,NA,1725840701
104,norilsk,69.3535,88.2027,33.13,98,100,19.13,RU,1725840702
105,wailua homesteads,22.0669,-159.378,84.13,66,40,10.36,US,1725840703
106,margaret river,-33.95,115.0667,55.17,74,100,1.52,AU,1725840704
107,stephenville,32.2207,-98.2023,78.93,37,0,8.05,US,1725840705
108,alamos,27.0167,-108.9333,89.24,43,50,3.58,MX,1725840706
109,hirara,24.8,125.2833,85.46,77,72,15.55,JP,1725840707
110,tazovsky,67.4667,78.7,34.41,73,98,26.55,RU,1725840708
111,saipan,15.1355,145.701,83.1,78,75,8.05,MP,1725840710
112,quiberon,47.4841,-3.1196,62.2,83,100,17.38,FR,1725840711
113,gadzhiyevo,69.2551,33.3362,56.01,91,53,12.15,RU,1725840712
114,newman,37.3138,-121.0208,101.05,23,0,5.01,US,1725840713
115,nemuro,43.3236,145.575,64.98,78,0,18.41,JP,1725840714
116,askale,39.9208,40.695,60.21,68,92,4.32,TR,1725840715
117,la maddalena,41.2142,9.4083,74.21,82,96,27.49,IT,1725840716
118,bontang,0.1333,117.5,79.57,84,72,4.07,ID,1725840717
119,uvinza,-5.1036,30.3911,75.34,46,73,2.3,TZ,1725840718
120,maceio,-9.6658,-35.7353,74.79,82,32,14.65,BR,1725840550
121,klyuchi,52.2667,79.1667,53.19,85,78,5.68,RU,1725840722
122,chandler,33.3062,-111.8412,107.28,12,0,10.36,US,1725840477
123,barcelos,41.5388,-8.6151,56.61,93,0,3.04,PT,1725840724
124,puerto baquerizo moreno,-0.9,-89.6,69.94,87,100,12.91,EC,1725840725
125,salinopolis,-0.6136,-47.3561,80.37,77,18,13.65,BR,1725840726
126,ulverstone,-41.15,146.1667,55.72,72,57,15.12,AU,1725840727
127,port lincoln,-34.7333,135.8667,58.86,63,100,12.68,AU,1725840728
128,malabar,-33.9667,151.25,69.53,44,0,13.8,AU,1725840729
129,puerto ayora,-0.7393,-90.3518,70.56,95,97,5.99,EC,1725840730
130,kralendijk,12.15,-68.2667,85.98,79,20,16.11,BQ,1725840732
131,luza,60.6308,47.2512,52.25,80,74,3.56,RU,1725840733
132,pangody,65.85,74.4859,35.55,82,92,16.71,RU,1725840734
133,kayyerkan,69.3786,87.7439,32.65,98,100,19.6,RU,1725840735
134,kokstad,-30.5472,29.4241,42.44,91,100,4.07,ZA,1725840736
135,mumbwa,-14.9783,27.0619,69.73,43,8,6.98,ZM,1725840737
136,greenville,35.6127,-77.3663,66.13,87,0,0.0,US,1725840738
137,markaz-e hukumat-e darweshan,31.1323,64.1934,71.87,16,0,11.36,AF,1725840739
138,chibougamau,49.9168,-74.3659,46.02,93,100,5.75,CA,1725840740
139,luxor,25.6989,32.6421,85.12,24,0,4.9,EG,1725840741
140,novodvinsk,64.4165,40.8122,55.15,85,64,5.5,RU,1725840742
141,isangel,-19.55,169.2667,75.31,59,71,16.98,VU,1725840744
142,pisco,-13.7,-76.2167,64.45,77,23,9.22,PE,1725840745
143,kidal,18.4411,1.4078,88.12,47,18,7.81,ML,1725840746
144,port saint john's,-31.6229,29.5448,57.56,83,100,14.29,ZA,1725840747
145,thompson,55.7435,-97.8558,71.28,46,89,5.32,CA,1725840748
146,bredasdorp,-34.5322,20.0403,46.69,85,82,4.32,ZA,1725840750
147,conduaga,8.862,117.4893,82.71,79,77,2.62,PH,1725840751
148,margate,51.3813,1.3862,56.88,92,63,9.4,GB,1725840752
149,sokoni,-6.4333,39.55,76.6,79,5,12.75,TZ,1725840753
150,bogandinskiy,56.8937,65.8938,53.65,98,14,7.34,RU,1725840755
151,saint-pierre,-21.3393,55.4781,69.48,68,100,4.61,RE,1725840756
152,aksu,41.1231,80.2644,67.23,26,75,6.15,CN,1725840757
153,mundra,22.85,69.7333,80.02,83,5,13.47,IN,1725840551
154,luderitz,-26.6481,15.1594,51.67,75,0,20.04,NA,1725840759
155,minas de marcona,-15.2119,-75.1103,55.54,74,18,11.48,PE,1725840760
156,kalmunai,7.4167,81.8167,79.47,75,100,8.5,LK,1725840553
157,praia da vitoria,38.7333,-27.0667,69.76,79,61,9.35,PT,1725840762
158,whitehorse,60.7161,-135.0538,57.02,89,91,1.99,CA,1725840763
159,fale old settlement,-9.3852,-171.2468,82.94,70,5,16.58,TK,1725840766
160,wellington,-41.2866,174.7756,59.86,61,20,23.02,NZ,1725840632
161,xining,36.6167,101.7667,53.47,96,100,2.95,CN,1725840768
162,talnakh,69.4865,88.3972,32.79,98,100,16.8,RU,1725840769
163,fort bragg,35.139,-79.006,71.33,66,100,0.0,US,1725840770
164,steamboat springs,40.485,-106.8317,70.36,30,100,8.05,US,1725840771
165,andergrove,-21.0833,149.1833,72.72,67,63,7.54,AU,1725840772
166,boguchany,58.3814,97.4531,44.94,97,68,7.36,RU,1725840773
167,sal rei,16.1833,-22.9167,78.28,78,48,12.48,CV,1725840774
168,blackmans bay,-43.0167,147.3167,53.73,58,89,5.01,AU,1725840775
169,aldan,58.6031,125.3894,44.51,95,100,4.14,RU,1725840733
170,lucapa,-8.4192,20.7447,70.88,41,46,2.8,AO,1725840778
171,carnarvon,-24.8667,113.6333,68.52,48,0,8.43,AU,1725840779
172,atar,20.5169,-13.0499,94.14,25,21,3.76,MR,1725840780
173,kingston,17.997,-76.7936,84.16,81,10,3.31,JM,1725840601
174,tralee,52.2704,-9.7026,54.95,67,90,10.09,IE,1725840782
175,anloga,5.7947,0.8973,76.05,85,37,11.05,GH,1725840783
176,ceelbuur,4.685,46.6176,76.69,73,100,18.88,SO,1725840784
177,la passe,45.5549,-0.8967,65.5,83,55,15.46,FR,1725840785
178,abepura,-2.6333,140.5833,81.41,78,40,4.61,ID,1725840786
179,anta,25.15,76.3,77.56,90,91,3.27,IN,1725840788
180,golfito,8.639,-83.166,72.52,96,99,3.0,CR,1725840789
181,isla mujeres,21.2311,-86.731,84.25,85,33,11.59,MX,1725840790
182,bayanhongor,46.7167,100.1167,30.31,56,29,1.39,MN,1725840791
183,malango,-2.9627,119.9001,71.8,90,60,1.74,ID,1725840792
184,montaigu,46.9767,-1.3085,62.38,89,97,12.12,FR,1725840793
185,george town,5.4112,100.3354,78.73,73,20,3.44,MY,1725840794
186,luang prabang,19.8856,102.1347,74.1,100,100,2.01,LA,1725840795
187,flying fish cove,-10.4217,105.6791,76.68,94,100,14.97,CX,1725840796
188,imsil,35.6131,127.2794,77.0,85,100,0.56,KR,1725840797
189,benguela,-12.5763,13.4055,68.41,85,46,1.28,AO,1725840799
190,dakhla,23.6848,-15.958,68.88,88,75,20.07,EH,1725840800
191,new norfolk,-42.7826,147.0587,54.91,68,93,10.56,AU,1725840801
192,qaqortoq,60.7167,-46.0333,41.16,76,100,2.95,GL,1725840802
193,lander,42.833,-108.7307,85.01,13,0,0.0,US,1725840803
194,bereznik,62.8551,42.7072,53.2,86,58,3.04,RU,1725840804
195,nongpoh,25.9,91.8833,71.92,91,53,3.33,IN,1725840805
196,mar del plata,-38.0023,-57.5575,54.12,85,80,5.01,AR,1725840606
197,jamestown,42.097,-79.2353,57.02,69,40,6.91,US,1725840555
198,parkes,-33.1333,148.1833,59.63,43,100,6.71,AU,1725840808
199,tosham,28.8833,75.9167,82.51,70,61,2.26,IN,1725840810
200,mejit,10.2753,170.8646,81.79,82,19,15.99,MH,1725840811
201,tadine,-21.55,167.8833,74.07,54,75,14.38,NC,1725840812
202,faya-largeau,17.9257,19.1043,92.35,25,43,8.52,TD,1725840813
203,matthew town,20.95,-73.6667,84.07,80,16,15.46,BS,1725840814
204,dingzhou,38.5131,114.9956,71.85,87,100,1.23,CN,1725840815
205,aykhal,66.0,111.5,42.06,82,100,13.2,RU,1725840816
206,mbuji-mayi,-6.15,23.6,78.51,56,70,5.1,CD,1725840817
207,isafjordur,66.0755,-23.124,33.78,84,99,18.9,IS,1725840818
208,le grazie di ancona,43.6008,13.5153,75.0,93,100,2.3,IT,1725840820
209,igarka,67.4667,86.5833,32.5,95,100,21.52,RU,1725840821
210,ulanhot,46.0833,122.0833,65.7,92,83,15.57,CN,1725840822
211,manay,7.215,126.5397,82.09,73,88,1.03,PH,1725840824
212,filiasi,44.55,23.5167,60.49,36,21,4.63,RO,1725840826
213,talakan,50.3167,130.3667,61.88,45,99,8.63,RU,1725840827
214,mashhad,36.297,59.6062,60.94,36,0,0.0,IR,1725840828
215,yarkovo,57.4028,67.0786,55.08,96,48,7.94,RU,1725840830
216,gizo,-8.103,156.8419,81.25,73,64,16.75,SB,1725840831
217,cabo san lucas,22.8909,-109.9124,91.71,51,100,6.91,MX,1725840755
218,ghanzi,-21.5667,21.7833,65.91,21,1,9.42,BW,1725840834
219,daru,-9.0763,143.2092,77.22,78,54,13.6,PG,1725840835
220,syktyvkar,61.6764,50.8099,56.93,100,40,2.24,RU,1725840836
221,vila velha,-20.3297,-40.2925,73.35,90,40,4.61,BR,1725840669
222,kurmuk,10.55,34.2833,69.44,83,95,3.0,SD,1725840838
223,remire-montjoly,4.9167,-52.2667,82.44,78,0,6.91,GF,1725840841
224,bodo,67.28,14.405,66.24,68,0,10.36,NO,1725840842
225,constantia,44.1833,28.65,61.7,58,0,7.56,RO,1725840626
226,kodiak,57.79,-152.4072,54.91,82,100,3.44,US,1725840844
227,whakatane,-37.9585,176.9854,64.51,72,16,4.0,NZ,1725840845
228,ashland,40.8167,-82.2665,61.99,74,3,4.47,US,1725840846
229,lebu,-37.6167,-73.65,47.44,88,97,5.97,CL,1725840847
230,palmas,-10.2128,-48.3603,84.07,28,0,6.91,BR,1725840575
231,hassi messaoud,31.6804,6.0729,84.83,59,87,14.72,DZ,1725840851
232,amahai,-3.3333,128.9167,79.21,79,80,12.59,ID,1725840852
233,taltal,-25.4,-70.4833,61.9,74,38,4.12,CL,1725840620
234,curillo,1.0333,-75.9191,71.74,89,67,1.99,CO,1725840854
235,acarau,-2.8856,-40.12,77.29,82,45,19.8,BR,1725840855
236,sao vicente,-23.9631,-46.3919,74.21,68,11,1.72,BR,1725840597
237,khandyga,62.6667,135.6,46.29,70,100,4.63,RU,1725840857
238,zakamensk,50.3741,103.2863,40.68,93,65,3.58,RU,1725840858
239,sohar,24.3643,56.7468,84.09,75,1,6.89,OM,1725840860
240,mount gambier,-37.8333,140.7667,53.67,72,74,11.3,AU,1725840861
241,mil'kovo,55.6078,37.7956,61.34,67,12,4.32,RU,1725840862
242,lazaro cardenas,17.9583,-102.2,83.43,78,62,2.66,MX,1725840863
243,polyarnyy,69.1989,33.4478,55.42,92,58,12.48,RU,1725840865
244,port alfred,-33.5906,26.891,54.18,81,75,3.0,ZA,1725840866
245,inhambane,-23.865,35.3833,71.08,80,0,8.16,MZ,1725840867
246,argo,37.6333,22.7333,73.49,76,0,2.35,GR,1725840868
247,huanggang,23.677,116.9996,80.47,83,98,1.88,CN,1725840869
248,lovington,32.944,-103.3485,81.18,30,0,4.0,US,1725840871
249,borogontsy,62.6683,131.1683,47.59,67,100,2.8,RU,1725840872
250,lewistown,40.5992,-77.5714,62.01,51,0,10.36,US,1725840786
251,brisas de zicatela,15.8369,-97.0419,84.72,79,100,5.75,MX,1725840875
252,san isidro de curuguaty,-24.5167,-55.7,86.47,21,44,4.94,PY,1725840876
253,colonia,50.9333,6.95,58.95,82,87,5.01,DE,1725840647
254,coron,11.9986,120.2043,83.55,76,100,2.71,PH,1725840878
255,sarmiento,-45.5882,-69.07,49.53,53,100,18.03,AR,1725840636
256,rongelap,11.1635,166.8941,83.75,77,15,18.52,MH,1725840881
257,ponta delgada,37.7333,-25.6667,70.52,83,20,8.05,PT,1725840882
258,changping,40.2186,116.2197,69.21,91,100,0.67,CN,1725840883
259,qamdo,31.1667,97.2333,46.74,74,28,2.53,CN,1725840885
260,mahalapye,-23.1041,26.8142,68.83,28,1,6.87,BW,1725840886
261,nampula,-15.1165,39.2666,68.45,82,2,2.51,MZ,1725840887
262,kanker,20.2719,81.4931,74.26,97,100,6.42,IN,1725840888
263,keflavik,64.0049,-22.5624,39.63,75,20,21.85,IS,1725840889
264,usogorsk,63.4106,48.6872,60.06,72,82,2.71,RU,1725840892
265,hilo,19.7297,-155.09,84.94,67,0,8.05,US,1725840831
266,ndjole,-0.1783,10.7649,75.65,94,100,1.97,GA,1725840894
267,catia la mar,10.6038,-67.0303,83.1,83,64,6.53,VE,1725840873
268,seven pagodas,12.6264,80.1722,81.63,68,100,11.12,IN,1725840896
269,kudymkar,59.0173,54.656,52.47,89,31,3.06,RU,1725840897
270,ironwood,46.4547,-90.171,68.81,60,0,11.5,US,1725840898
271,san patricio,28.017,-97.5169,84.15,54,69,8.48,US,1725840899
272,plymouth,41.8334,-70.8328,61.05,67,0,0.0,US,1725840900
273,carbonear,47.7332,-53.2148,70.14,92,100,12.21,CA,1725840902
274,fundao,-19.9341,-40.4047,69.64,93,19,0.56,BR,1725840903
275,diego de almagro,-26.3667,-70.05,64.18,38,100,0.45,CL,1725840904
276,mount pearl,47.5166,-52.7813,65.32,95,75,11.5,CA,1725840905
277,walvis bay,-22.9575,14.5053,51.04,86,0,4.76,NA,1725840906
278,kinkala,-4.3614,14.7644,74.98,73,25,2.53,CG,1725840907
279,yaring,6.8662,101.3689,77.94,85,84,5.53,TH,1725840908
280,bhimunipatnam,17.8833,83.4333,78.31,95,100,11.12,IN,1725840909
281,kavaratti,10.5669,72.642,80.04,85,95,14.67,IN,1725840910
282,afaahiti,-17.75,-149.2833,72.97,68,58,19.24,PF,1725840911
283,zhicheng,30.2956,111.5047,83.32,71,0,5.03,CN,1725840913
284,shakhtinsk,49.71,72.5872,48.81,71,9,5.23,KZ,1725840914
285,urzhar,47.093,81.6294,53.08,50,62,7.65,KZ,1725840916
286,upington,-28.4478,21.2561,47.07,62,0,22.41,ZA,1725840917
287,macon,39.8667,-88.9668,66.25,37,0,3.44,US,1725840841
288,udachny,66.4167,112.4,45.34,71,100,10.16,RU,1725840919
289,richards bay,-28.783,32.0377,63.1,80,100,18.52,ZA,1725840920
290,el porvenir,13.7617,-87.3458,74.62,96,93,2.35,HN,1725840921
291,levuka,50.1834,-105.4011,89.11,14,1,4.03,CA,1725840923
292,zouerate,22.7187,-12.4521,89.15,30,96,9.26,MR,1725840924
293,oranjemund,-28.55,16.4333,52.77,82,0,20.69,NA,1725840925
294,quepos,9.4236,-84.1652,78.15,91,100,3.15,CR,1725840926
295,ust'-kulom,61.6864,53.6902,50.14,89,21,1.95,RU,1725840928
296,kirensk,57.7853,108.1119,48.43,94,100,5.84,RU,1725840929
297,launceston,-41.45,147.1667,55.04,62,92,17.27,AU,1725840930
298,arquitecto tomas romero pereira,-26.4833,-55.25,79.32,36,51,1.41,PY,1725840931
299,jiwani,25.05,61.7417,79.5,86,0,7.65,PK,1725840933
300,villa del totoral,-30.8167,-63.7167,65.53,45,99,2.21,AR,1725840934
301,brookings,44.3114,-96.7984,73.06,60,0,5.75,US,1725840904
302,metropolis,37.1512,-88.732,68.18,43,0,3.44,US,1725840936
303,port blair,11.6667,92.75,81.52,84,100,19.01,IN,1725840937
304,maamba,-17.3667,27.15,72.05,43,36,4.45,ZM,1725840938
305,konosha,60.9736,40.257,51.04,75,36,3.53,RU,1725840939
306,masvingo,-20.0637,30.8277,68.29,32,8,7.31,ZW,1725840941
307,kisangani,0.5167,25.2,68.7,93,52,1.3,CD,1725840942
308,saint-philippe,-21.3585,55.7679,69.08,86,74,3.0,RE,1725840943
309,pangkalpinang,-2.1333,106.1333,79.47,86,98,4.38,ID,1725840944
310,vorgashor,67.5833,63.95,40.32,76,100,13.22,RU,1725840946
311,mata-utu,-13.2816,-176.1745,79.72,80,91,7.29,WF,1725840947
312,itoigawa,37.0333,137.85,81.3,79,2,6.62,JP,1725840786
313,mahibadhoo,3.7833,72.9667,82.76,72,97,9.78,MV,1725840951
314,alotau,-10.3069,150.4462,81.18,58,81,5.19,PG,1725840952
315,sao jose da coroa grande,-8.8978,-35.1478,74.26,85,26,14.43,BR,1725840758
316,zadawa,11.4496,10.3672,75.09,76,79,6.51,NG,1725840954
317,ancud,-41.8697,-73.8203,49.21,86,99,16.82,CL,1725840955
318,motygino,58.1831,94.7592,46.4,98,99,9.48,RU,1725840956
319,porto novo,6.4965,2.6036,75.52,88,6,5.84,BJ,1725840957
320,saldanha,-33.0117,17.9442,53.58,65,0,24.87,ZA,1725840958
321,east london,-33.0153,27.9116,55.81,70,88,10.96,ZA,1725840961
322,nosy varika,-20.5833,48.5333,65.75,94,92,5.19,MG,1725840962
323,trinidad,-14.8333,-64.9,85.68,23,1,2.91,BO,1725840963
324,akureyri,65.6835,-18.0878,36.1,78,67,6.11,IS,1725840679
325,yeed,4.55,43.0333,77.34,58,100,18.75,SO,1725840965
326,chernyshevskiy,63.0128,112.4714,44.82,91,100,5.66,RU,1725840733
327,frankfort,-27.2667,28.4833,58.06,33,45,0.98,ZA,1725840967
328,al burayqah,30.4062,19.5739,82.13,75,33,11.18,LY,1725840968
329,al ghayzah,16.2079,52.176,78.19,92,89,4.92,YE,1725840970
330,nova sintra,14.8667,-24.7167,80.06,80,100,14.36,CV,1725840972
331,izmail,45.3493,28.8408,63.95,60,0,5.48,UA,1725840973
332,el calafate,-50.3408,-72.2768,36.34,67,29,11.41,AR,1725840974
333,kone,-21.0595,164.8658,75.29,51,40,7.92,NC,1725840976
334,maumere,-8.6199,122.2111,83.08,60,6,1.36,ID,1725840978
335,la libertad,-2.2333,-80.9,69.3,84,57,8.79,EC,1725840979
336,ardakan,32.31,54.0175,76.75,19,6,9.06,IR,1725840980
337,tolanaro,-25.0319,46.9987,73.78,64,16,3.15,MG,1725840983
338,imbituba,-28.24,-48.6703,61.32,96,29,6.73,BR,1725840984
339,guarapari,-20.6667,-40.4975,70.99,90,3,11.21,BR,1725840985
340,pskov,57.8136,28.3496,53.49,79,38,5.01,RU,1725840987
341,bardai,11.65,7.2333,72.23,87,48,6.06,NG,1725840988
342,gillette,44.2911,-105.5022,88.11,15,0,10.36,US,1725840847
343,votkinsk,57.0486,53.9872,55.49,83,25,2.62,RU,1725840991
344,ludvika,60.1496,15.1878,61.77,84,55,3.36,SE,1725840992
345,northam,51.0333,-4.2167,58.6,93,95,19.53,GB,1725840993
346,gerdzhyush,37.5651,41.3916,74.57,36,0,3.62,TR,1725840994
347,kayes,14.0,-11.0,72.09,96,100,8.12,ML,1725840995
348,nikol'sk,53.7189,46.0712,59.22,77,70,4.74,RU,1725840990
349,hasaki,35.7333,140.8333,80.74,80,14,4.63,JP,1725840997
350,santa terezinha,-29.9002,-50.0904,61.83,97,47,2.19,BR,1725840998
351,thunder bay,48.4001,-89.3168,56.01,87,7,1.92,CA,1725840828
352,crane,31.3974,-102.3501,83.05,27,0,13.87,US,1725841000
353,broken hill,-31.95,141.4333,59.34,54,0,9.4,AU,1725841002
354,colares,38.7992,-9.4469,67.33,86,0,12.75,PT,1725841003
355,bel ombre,-4.6167,55.4167,78.89,86,70,19.46,SC,1725841004
356,merizo village,13.2658,144.6691,90.16,82,63,8.99,GU,1725841005
357,nanping,26.645,118.1736,78.35,88,15,1.81,CN,1725841006
358,kununurra,-15.7667,128.7333,85.98,45,91,5.75,AU,1725841007
359,nogliki,51.8333,143.1667,56.26,56,71,9.35,RU,1725841008
360,kruisfontein,-34.0033,24.7314,48.78,74,66,4.72,ZA,1725841009
361,luwuk,-0.9516,122.7875,77.2,81,83,7.02,ID,1725841010
362,price,39.5994,-110.8107,85.26,13,0,10.36,US,1725841011
363,newnham,-41.3833,147.1333,54.55,62,93,17.27,AU,1725841013
364,papao,-17.75,-149.55,82.08,65,23,21.74,PF,1725841014
365,alice springs,-23.7,133.8833,60.35,51,75,8.05,AU,1725841015
366,al jawf,29.5,38.75,80.11,33,0,6.53,SA,1725841016
367,metro,-5.1131,105.3067,76.84,82,79,3.18,ID,1725841017
368,as sulayyil,20.4607,45.5779,86.0,15,3,5.41,SA,1725841018
369,selfoss,63.9331,-20.9971,39.04,77,99,9.91,IS,1725841019
370,lahaina,20.8783,-156.6825,86.0,65,4,5.23,US,1725840775
371,bokoro,12.3807,17.0568,79.2,74,84,5.39,TD,1725841021
372,at taj,24.2049,23.2857,85.1,24,0,7.05,LY,1725841022
373,acaponeta,22.4964,-105.3594,87.08,72,19,5.19,MX,1725841023
374,christchurch,-43.5333,172.6333,60.91,59,62,2.3,NZ,1725841024
375,isla vista,34.4133,-119.861,98.78,44,8,16.08,US,1725841026
376,flekkefjord,58.2971,6.6607,59.83,95,100,4.68,NO,1725841027
377,port augusta,-32.5,137.7667,62.35,53,3,8.1,AU,1725840814
378,hithadhoo,-0.6,73.0833,82.35,73,74,7.11,MV,1725841029
379,kharp,66.8014,65.8081,39.15,86,99,6.62,RU,1725841030
380,sagua de tanamo,20.5819,-75.2414,80.01,87,49,3.71,CU,1725841031
381,alto barinas,8.5931,-70.2261,77.65,86,83,4.14,VE,1725841032
382,namibe,-15.1961,12.1522,62.71,88,69,7.85,AO,1725841033
383,kargasok,59.0556,80.8572,51.3,90,100,18.32,RU,1725841036
384,nuuk,64.1835,-51.7216,41.61,65,0,10.36,GL,1725840889
385,ciudad lazaro cardenas,17.9583,-102.2,83.43,78,62,2.66,MX,1725841038
386,kavieng,-2.5744,150.7967,82.87,76,78,15.08,PG,1725841039
387,gamba,-2.65,10.0,75.13,90,97,6.8,GA,1725841040
388,sisimiut,66.9395,-53.6735,36.84,73,4,8.72,GL,1725841041
389,san antonio de pale,-1.4014,5.6325,75.83,84,44,13.06,GQ,1725841042
390,n'zeto,-7.2312,12.8666,70.59,91,59,8.12,AO,1725841043
391,kapuskasing,49.4169,-82.4331,49.51,49,28,4.85,CA,1725841046
392,sittwe,20.15,92.9,82.4,85,100,12.53,MM,1725841047
393,dryden,49.7833,-92.7503,65.89,53,9,4.9,CA,1725841048
394,tobruk,32.0836,23.9764,79.25,71,0,8.16,LY,1725841049
395,uttarkashi,30.7333,78.45,63.61,79,52,4.03,IN,1725841050
396,qusmuryn,52.4503,64.6311,60.46,71,92,7.11,KZ,1725841051
397,paita,-5.0892,-81.1144,64.15,84,45,16.37,PE,1725841052
398,palmer,42.1584,-72.3287,57.22,74,20,0.0,US,1725841054
399,santa elena de uairen,4.6167,-61.1333,70.66,74,52,0.96,VE,1725841055
400,smara,26.7384,-11.6719,71.73,66,48,11.86,EH,1725841056
401,traverse city,44.7631,-85.6206,66.27,67,75,6.91,US,1725840964
402,sechura,-5.5569,-80.8222,65.89,75,40,17.81,PE,1725841058
403,codrington,-38.2667,141.9667,52.99,75,100,15.64,AU,1725841059
404,podborany,50.2294,13.4119,68.9,72,100,5.1,CZ,1725841060
405,takoradi,4.8845,-1.7554,74.16,87,19,6.08,GH,1725840922
406,al minya,28.1099,30.7503,83.07,48,54,15.41,EG,1725841062
407,tofol,5.3248,163.0078,83.98,74,100,3.44,FM,1725841063
408,tocoa,15.6833,-86.0,89.22,85,61,6.15,HN,1725841065
409,arkhangel'sk,64.5401,40.5433,55.51,100,0,4.47,RU,1725841066
410,paramonga,-10.6667,-77.8333,63.41,84,52,8.72,PE,1725841067
411,hammerfest,70.6634,23.6821,63.05,82,29,3.44,NO,1725841068
412,al hawatah,13.4167,34.6333,74.79,88,100,11.3,SD,1725841069
413,vila franca do campo,37.7167,-25.4333,70.21,99,34,5.41,PT,1725841070
414,dese,11.1333,39.6333,52.66,80,51,4.18,ET,1725841071
415,marble falls,30.5782,-98.2728,82.13,30,0,10.36,US,1725841072
416,oak hill,37.9723,-81.1487,54.36,51,0,1.81,US,1725841073
417,poshekhon'ye,58.4993,39.1353,54.14,83,2,3.4,RU,1725841074
418,sao joao da barra,-21.6403,-41.0511,73.49,87,0,16.06,BR,1725841076
419,thinadhoo,0.5333,72.9333,82.6,73,63,9.44,MV,1725841077
420,mili,6.0815,171.735,84.02,74,4,13.47,MH,1725841078
421,lysekil,58.2743,11.4358,69.04,76,97,12.48,SE,1725841079
422,ganta,7.3022,-8.5308,70.3,99,100,2.95,LR,1725841080
423,gavrilov posad,56.5597,40.1175,55.51,78,0,3.76,RU,1725841081
424,gisborne,-38.6533,178.0042,61.36,43,0,3.56,NZ,1725840789
425,las juntas,19.4167,-104.7,80.31,87,71,2.73,MX,1725841083
426,cromwell,41.5951,-72.6454,59.49,76,0,0.0,US,1725841084
427,horta,38.5333,-28.6333,71.02,84,38,8.99,PT,1725841085
428,shingu,33.7333,135.9833,82.36,71,0,7.27,JP,1725841087
429,vernon,50.2581,-119.2691,73.92,50,40,1.14,CA,1725841088
430,tamandare,-8.7597,-35.1047,73.24,88,30,12.35,BR,1725841089
431,marsala,37.7966,12.4352,82.35,89,40,14.97,IT,1725841090
432,sibolga,1.7427,98.7792,74.71,88,100,2.98,ID,1725841091
433,palangkaraya,-2.2,113.8333,79.16,87,86,0.89,ID,1725841092
434,flin flon,54.7682,-101.865,76.55,43,89,6.11,CA,1725840913
435,bodaybo,57.8506,114.1933,47.28,92,100,2.06,RU,1725841094
436,ulladulla,-35.35,150.4667,66.09,43,18,12.62,AU,1725841095
437,reggane,26.7158,0.1714,98.49,30,26,6.4,DZ,1725841096
438,kyosai,34.8503,128.5886,78.26,82,30,11.25,KR,1725840867
439,trincomalee,8.5711,81.2335,80.74,79,100,21.7,LK,1725841099
440,westerland,54.9079,8.3033,64.42,88,100,0.0,DE,1725840830
441,stornoway,58.2093,-6.3865,48.16,82,75,4.61,GB,1725841103
442,kingscliff,-28.2667,153.5667,75.0,73,40,5.75,AU,1725841104
443,shimoda,34.6667,138.95,82.76,72,0,8.68,JP,1725841105
444,an nuhud,12.7,28.4333,80.71,65,94,4.16,SD,1725841106
445,banjarmasin,-3.3244,114.591,79.83,83,100,1.23,ID,1725841108
446,south venice,27.0531,-82.4243,86.99,80,91,1.54,US,1725841109
447,dazhou,31.2159,107.5009,81.99,66,4,2.8,CN,1725841110
448,ascension,30.2169,-90.9001,82.4,70,0,4.61,US,1725841111
449,staroderevyankovskaya,46.1276,38.9674,67.32,47,69,14.63,RU,1725841112
450,aquidauana,-20.4711,-55.7872,86.74,18,35,3.56,BR,1725841047
451,luanda,-8.8368,13.2343,69.8,88,22,2.3,AO,1725841114
452,byron bay,-28.65,153.6167,73.31,72,11,11.1,AU,1725841115
453,val-d'or,48.1002,-77.7828,44.69,93,100,11.5,CA,1725841068
454,dori,14.0354,-0.0345,82.56,68,51,8.19,BF,1725841096
455,conception bay south,47.4999,-52.9981,68.56,95,100,9.64,CA,1725840895
456,udomlya,57.8794,34.9925,54.64,81,19,3.83,RU,1725841121
457,susuman,62.7833,148.1667,45.03,71,71,0.98,RU,1725841122
458,kushiro,42.975,144.3747,76.15,60,20,8.05,JP,1725841123
459,howard springs,-12.497,131.047,84.11,69,49,10.67,AU,1725841124
460,katsuura,35.1333,140.3,81.57,81,0,7.61,JP,1725841125
461,boca suno,-0.7167,-77.1333,76.55,79,50,2.35,EC,1725841127
462,ippy,6.2679,21.2247,69.42,97,50,2.06,CF,1725841128
463,tobol'sk,58.2,68.2667,51.58,98,43,7.92,RU,1725841129
464,turpan,42.9333,89.1667,68.68,25,0,5.53,CN,1725841130
465,kaitong,44.8135,123.15,68.68,80,34,17.87,CN,1725841131
466,fortuna,40.5982,-124.1573,66.97,94,0,11.5,US,1725841132
467,shitanjing,39.2342,106.3439,60.01,53,100,9.1,CN,1725841133
468,la foa,-21.7108,165.8276,75.72,48,9,3.11,NC,1725841134
469,yurty,56.0498,97.6348,47.44,94,100,10.33,RU,1725841135
470,kuanda,56.3161,116.0806,47.1,91,100,6.51,RU,1725841138
471,cam ranh,11.9214,109.1591,87.76,62,0,3.44,VN,1725841139
472,savannakhet,16.566,104.751,80.62,89,75,2.3,LA,1725841140
473,taro,-8.3862,115.28,72.84,87,41,1.36,ID,1725841141
474,dzilam gonzalez,21.2833,-88.9333,88.23,59,98,5.41,MX,1725841143
475,zakynthos,37.7914,20.8953,78.33,73,7,5.1,GR,1725841144
476,albemarle,35.3501,-80.2001,68.61,73,100,0.0,US,1725841145
477,likiep,9.8251,169.3107,83.64,74,4,15.46,MH,1725841146
478,van,38.4924,43.3831,56.55,67,40,1.14,TR,1725841147
479,glace bay,46.1969,-59.957,65.16,93,75,8.05,CA,1725841074
480,oodweyne,9.4092,45.064,78.48,49,86,13.18,SO,1725841149
481,caconda,-13.7333,15.0667,61.88,28,53,2.08,AO,1725841150
482,saint-paul,-21.0096,55.2707,69.89,91,29,1.52,RE,1725841151
483,manaure,11.7751,-72.4445,86.92,72,100,8.84,CO,1725841152
484,el charco,2.4769,-78.1105,77.85,85,100,4.9,CO,1725841154
485,gornozavodsk,58.3758,58.3211,52.52,95,19,1.99,RU,1725841155
486,port macquarie,-31.4333,152.9167,68.07,45,88,1.01,AU,1725841156
487,nelson bay,-32.7167,152.15,68.11,46,90,7.0,AU,1725841157
488,kokuy,52.2037,117.5529,64.0,63,99,13.65,RU,1725841158
489,nadi,-17.8,177.4167,80.6,65,75,6.91,FJ,1725841159
490,mirnyy,62.5353,113.9611,45.14,96,100,5.12,RU,1725841160
491,labrador city,52.9463,-66.9114,53.19,93,100,11.99,CA,1725840912
492,tura,25.5198,90.2201,75.94,95,13,4.61,IN,1725841162
493,kristiansund,63.1115,7.732,61.45,94,100,5.75,NO,1725841163
494,sergeyevka,53.88,67.4158,55.38,94,57,6.6,KZ,1725841165
495,kutum,14.2,24.6667,75.7,62,47,2.66,SD,1725841166
496,sijunjung,-0.6876,100.9537,73.02,90,73,1.48,ID,1725841167
497,petukhovo,55.0692,67.9019,54.27,97,46,7.67,RU,1725841168
498,quartu sant'elena,39.2419,9.1839,75.42,83,20,8.05,IT,1725841169
499,souillac,-20.5167,57.5167,71.98,78,75,6.91,MU,1725841170
500,lorengau,-2.0226,147.2712,84.56,68,58,17.96,PG,1725841172
501,mugia,43.1041,-9.2179,58.91,90,6,2.39,ES,1725841173
502,kuvshinovo,57.0295,34.1725,53.82,83,54,3.11,RU,1725841174
503,revelstoke,50.9832,-118.2023,68.02,73,75,2.3,CA,1725841176
504,charters towers,-20.1,146.2667,75.34,51,2,9.82,AU,1725841177
505,visby,57.6409,18.296,67.82,68,96,10.36,SE,1725841178
506,grand falls-windsor,48.9332,-55.6649,65.26,89,100,10.45,CA,1725841179
507,valle de la pascua,9.2155,-66.0073,76.03,91,34,3.29,VE,1725841180
508,kurumkan,54.3,110.3,50.11,82,100,5.12,RU,1725841181
509,jayapura,-2.5333,140.7,81.79,68,82,1.88,ID,1725841182
510,bengkulu,-3.8004,102.2655,76.93,89,90,2.3,ID,1725841183
511,plettenberg bay,-34.0527,23.3716,52.99,70,75,6.26,ZA,1725841184
512,taoudenni,22.6783,-3.9836,99.63,28,46,4.32,ML,1725841185
513,cole harbour,44.6724,-63.4751,64.18,97,100,3.44,CA,1725841187
514,mazkeret batya,31.8539,34.8386,78.48,87,0,8.05,IL,1725841188
515,zheleznodorozhnyy,55.7503,38.0042,60.1,64,5,3.87,RU,1725841190
516,ndago,-4.6,34.35,68.29,52,81,13.04,TZ,1725841191
517,villa tecolutilla,18.2833,-93.3167,77.4,88,92,16.89,MX,1725841192
518,roma,43.2128,-75.4557,59.14,66,100,5.75,US,1725841193
519,marivan,35.5219,46.176,69.69,29,0,3.42,IR,1725841194
520,andrimont,50.615,5.8841,59.63,85,100,5.99,BE,1725841195
521,prince george,53.9166,-122.753,77.31,36,95,3.31,CA,1725840906
522,mirpur sakro,24.5474,67.6277,81.48,75,64,13.94,PK,1725841198
523,kenora,49.8167,-94.4337,72.57,49,20,4.61,CA,1725841199
524,maxixe,-23.8597,35.3472,70.18,80,0,7.49,MZ,1725841200
525,bamboo flat,11.7,92.7167,82.49,83,75,12.66,IN,1725841201
526,baldivis,-32.3299,115.8218,54.07,93,97,1.01,AU,1725841202
527,tangalle,6.024,80.7911,78.69,86,100,14.12,LK,1725841203
528,san pedro pochutla,15.7333,-96.4667,80.71,91,100,1.12,MX,1725841204
529,novoselitskoye,44.7508,43.4369,60.39,72,95,9.08,RU,1725841205
530,ketchikan,55.3422,-131.6461,55.78,62,37,7.18,US,1725841189
531,harper,4.375,-7.7169,75.47,87,76,9.91,LR,1725841208
532,batticaloa,7.7102,81.6924,80.55,75,100,0.94,LK,1725840924
533,sumusta as sultani,28.9167,30.85,81.09,58,86,13.02,EG,1725841211
534,yazykovo,55.2199,56.1353,57.4,88,19,2.73,RU,1725841212
535,larache,35.1932,-6.1557,69.64,78,0,5.82,MA,1725841213
536,tsetserleg,47.475,101.4542,35.87,54,0,4.45,MN,1725841214
537,callao,-12.0667,-77.15,67.71,88,75,10.36,PE,1725841215
538,dwarka,22.2394,68.9678,81.14,83,36,9.71,IN,1725841216
539,puerto carreno,6.189,-67.4859,81.41,78,43,7.43,CO,1725841218
540,portland,45.5234,-122.6762,86.16,56,0,8.05,US,1725841150
541,itaituba,-4.2761,-55.9836,88.05,29,77,2.48,BR,1725841220
542,guiuan,11.0333,125.7247,83.03,76,97,7.4,PH,1725841221
543,kuchinda,21.7333,84.35,77.0,91,97,3.58,IN,1725841222
544,hauterive,46.0901,3.4459,56.48,85,76,6.93,FR,1725841223
545,sur,22.5667,59.5289,83.37,69,3,4.32,OM,1725841224
546,hastings,50.8552,0.5729,59.74,54,29,11.63,GB,1725841225
547,conceicao do araguaia,-8.2578,-49.2647,87.87,22,48,2.8,BR,1725841226
548,decatur,39.8403,-88.9548,66.25,37,0,3.44,US,1725841042
549,kingsville,27.5159,-97.8561,84.04,55,100,5.99,US,1725841148
550,mawu,34.4307,104.9176,50.7,96,100,9.98,CN,1725841230
551,mumford,5.2618,-0.759,73.65,91,13,8.55,GH,1725841231
552,ambovombe,-25.1667,46.0833,73.02,72,0,4.05,MG,1725841232
553,bang lamung,13.047,100.9289,82.02,79,97,14.79,TH,1725841233
554,taunsa,30.7048,70.6505,89.49,44,0,7.92,PK,1725841045
555,bouake,7.6895,-5.0218,70.61,96,96,3.74,CI,1725841235
556,macapa,0.0389,-51.0664,78.78,83,100,3.44,BR,1725841236
557,nacala,-14.5428,40.6728,71.94,91,6,3.18,MZ,1725841237
558,axim,4.8699,-2.2405,74.82,85,61,7.2,GH,1725841239
559,bonthe,7.5264,-12.505,74.46,95,100,9.17,SL,1725841240
560,melekeok village,7.4957,134.6367,86.56,74,75,9.22,PW,1725841241
561,batikent,39.9683,32.7308,63.39,70,2,3.53,TR,1725841242
562,coquimbo,-29.9533,-71.3436,53.33,100,0,6.91,CL,1725840963
563,corinto,37.9407,22.9573,75.88,68,0,1.23,GR,1725841244
564,campobasso,41.6333,14.5833,75.34,55,93,8.75,IT,1725841245
565,grande prairie,55.1667,-118.8027,82.58,26,75,2.3,CA,1725841246
566,berezovyy,51.6667,135.7,61.45,48,8,3.47,RU,1725841247
567,zaozersk,69.4005,32.4476,55.72,90,29,10.67,RU,1725841249
568,lufilufi,-13.8745,-171.5986,80.42,79,79,11.45,WS,1725841250
569,nyurba,63.2842,118.3319,48.74,88,100,5.99,RU,1725841251
